{
    "foreground_intensity_properties_per_channel": {
        "0": {
            "max": 255.0,
            "mean": 88.48053741455078,
            "median": 81.0,
            "min": 0.0,
            "percentile_00_5": 3.0,
            "percentile_99_5": 226.0,
            "std": 54.625545501708984
        }
    },
    "median_relative_size_after_cropping": 1.0,
    "shapes_after_crop": [
        [
            1,
            809,
            768
        ],
        [
            1,
            626,
            360
        ],
        [
            1,
            965,
            325
        ],
        [
            1,
            758,
            207
        ],
        [
            1,
            771,
            274
        ],
        [
            1,
            756,
            335
        ],
        [
            1,
            712,
            244
        ],
        [
            1,
            976,
            465
        ],
        [
            1,
            711,
            198
        ],
        [
            1,
            931,
            351
        ],
        [
            1,
            966,
            366
        ],
        [
            1,
            860,
            459
        ],
        [
            1,
            822,
            383
        ],
        [
            1,
            940,
            448
        ],
        [
            1,
            702,
            419
        ],
        [
            1,
            748,
            506
        ],
        [
            1,
            967,
            580
        ],
        [
            1,
            967,
            431
        ],
        [
            1,
            781,
            346
        ],
        [
            1,
            726,
            680
        ],
        [
            1,
            609,
            376
        ],
        [
            1,
            807,
            215
        ],
        [
            1,
            783,
            169
        ],
        [
            1,
            920,
            540
        ],
        [
            1,
            797,
            294
        ],
        [
            1,
            750,
            343
        ],
        [
            1,
            705,
            239
        ],
        [
            1,
            843,
            470
        ],
        [
            1,
            970,
            533
        ],
        [
            1,
            748,
            417
        ],
        [
            1,
            612,
            308
        ],
        [
            1,
            859,
            483
        ],
        [
            1,
            615,
            299
        ],
        [
            1,
            780,
            485
        ],
        [
            1,
            755,
            241
        ],
        [
            1,
            980,
            394
        ],
        [
            1,
            936,
            400
        ],
        [
            1,
            761,
            499
        ],
        [
            1,
            755,
            355
        ],
        [
            1,
            717,
            317
        ],
        [
            1,
            712,
            465
        ],
        [
            1,
            702,
            320
        ],
        [
            1,
            688,
            247
        ],
        [
            1,
            685,
            281
        ],
        [
            1,
            737,
            436
        ],
        [
            1,
            728,
            257
        ],
        [
            1,
            598,
            465
        ],
        [
            1,
            755,
            182
        ],
        [
            1,
            738,
            246
        ],
        [
            1,
            737,
            236
        ],
        [
            1,
            693,
            518
        ],
        [
            1,
            737,
            348
        ],
        [
            1,
            737,
            217
        ],
        [
            1,
            718,
            455
        ],
        [
            1,
            593,
            337
        ],
        [
            1,
            992,
            543
        ],
        [
            1,
            989,
            410
        ],
        [
            1,
            736,
            770
        ],
        [
            1,
            996,
            283
        ],
        [
            1,
            817,
            372
        ]
    ],